,Return,Volatility
0,0.4267747556424783,0.20245377612887383
1,0.5603710371760124,0.2636599701636846
2,0.4431316684395917,0.2603999476061682
3,0.4747449552478665,0.20785970893179606
4,0.5653507630478612,0.28601097058626973
5,0.4513172692965554,0.22657548709766778
6,0.5205369780250918,0.24123850959976628
7,0.5067385852907721,0.23268501099047245
8,0.4932216287271832,0.22095232995904276
9,0.5483656337427039,0.22715666995953698
10,0.5033768730167587,0.21965229422064864
11,0.42034493056997146,0.184410385841806
12,0.5566886328491186,0.24679021793734482
13,0.5115069114280828,0.2421288321339251
14,0.36961623677949257,0.1902920745318757
15,0.5601431630431978,0.24203265822091657
16,0.5291060569644409,0.2730785081712461
17,0.5926343862964251,0.2441902566736561
18,0.5043036561221547,0.2114122752610622
19,0.5616619396080537,0.26959629137442165
20,0.4537945809831783,0.21529947534126248
21,0.5293968885540307,0.28582262904268224
22,0.519942484534222,0.26601169106957495
23,0.45566968880860853,0.24354275715601184
24,0.45033451356275506,0.1964334126936924
25,0.47403300794313075,0.23902804092725047
26,0.4887251656214921,0.2602754165160151
27,0.5498295819364174,0.22348021932047238
28,0.3732505077625449,0.20208335896284071
29,0.5166488308803714,0.2301181890837558
30,0.5344905290067161,0.31060279121204454
31,0.4422922672346738,0.20130670836519812
32,0.3790007054581502,0.23218595205209774
33,0.41591157907237325,0.2131880732824214
34,0.5054605147480816,0.22617935096117284
35,0.5422632118472729,0.3391841219269635
36,0.5057628367697096,0.24384063985914398
37,0.4572349686770044,0.23739357498564626
38,0.39200895755295,0.2074279321640934
39,0.3456989535457268,0.2297923335702125
40,0.4620699769580119,0.24286451927321753
41,0.5662556738542754,0.25538557852096194
42,0.42898638847302634,0.22913309234810275
43,0.4275100199246522,0.24122708578032492
44,0.5348045690281702,0.24176597590004373
45,0.4616333429960307,0.19869775172639748
46,0.4535397873000499,0.2619594328737902
47,0.4868249301741519,0.201218486270991
48,0.4361724323578904,0.18699222318970518
49,0.538297209829857,0.2919129045921773
50,0.40135948630921797,0.21738748198584643
51,0.5497239918073209,0.2534383803505501
52,0.40092601868177286,0.23962726030552564
53,0.5879032211050159,0.25657489363755687
54,0.5017146622003623,0.3033734808544139
55,0.45669286926781544,0.2516032769275468
56,0.43954835766338796,0.22237232427001616
57,0.5085435496590066,0.2360889551927821
58,0.37937066430748123,0.20699433665467412
59,0.518767072827125,0.22596262742900677
60,0.37225843657417274,0.17753263812721007
61,0.43305775018928433,0.18612538276551027
62,0.4411753840286448,0.1968184056298827
63,0.49112238848298045,0.21136499836735254
64,0.6778220001122985,0.2844744052630402
65,0.5226130409500735,0.2771617843198398
66,0.5130358738698376,0.22915494178367907
67,0.38322291194340197,0.23085554033767364
68,0.46077299522313214,0.2789079674844916
69,0.49415906247108354,0.22541347436238476
70,0.5313730765096946,0.3002632250633096
71,0.38243992628510204,0.2497973886967852
72,0.6306075393671955,0.29953636470047573
73,0.5358417428351082,0.24471616473302468
74,0.4015203250321346,0.20738028855519516
75,0.4374288531546617,0.23163792189218582
76,0.4593122450325355,0.20170679486701867
77,0.40968502637836085,0.21617121682357635
78,0.5038234594384225,0.27329737898098005
79,0.5191990260093092,0.23429109297166473
80,0.5278138288770332,0.27806943327505124
81,0.5089488839938066,0.30394061012889334
82,0.5528349783566499,0.3073424968925989
83,0.533489757418197,0.25101923413962773
84,0.4845389240697287,0.2522919809245649
85,0.467396054953303,0.20847303221226815
86,0.39045462399320424,0.1734137111747986
87,0.405644178600372,0.24109025644087506
88,0.4440694967678123,0.2392795391128296
89,0.4585102213412048,0.21030578377267348
90,0.543152587461351,0.2548382114103377
91,0.4808551765321569,0.24269761076256494
92,0.5043863268795573,0.2461143944938
93,0.3495307551548462,0.18645141442576635
94,0.46109450016560255,0.20788971371729553
95,0.4632611336004141,0.2382002632234643
96,0.325429071729517,0.1712528635882469
97,0.5654216206038467,0.23477717602199716
98,0.31533858726519837,0.25698979079062284
99,0.4127859116473544,0.19914793204384135
100,0.41233787674317723,0.19457269881498734
101,0.40640074073727944,0.2948867704755794
102,0.40915498485358853,0.18679281023279676
103,0.47227153553391527,0.2705302167311828
104,0.4542625678571423,0.230641980725884
105,0.6008863760333026,0.2294639551626798
106,0.4987416839088589,0.22841570937350741
107,0.4627052059324694,0.23269762313000128
108,0.38079645076626656,0.1821767883867932
109,0.5344745863600213,0.2426264379968324
110,0.580245023863106,0.26122464315596156
111,0.5615943692501645,0.24738084851277334
112,0.48243204618939484,0.22683776894629737
113,0.5057309261169561,0.23847175142273422
114,0.4090587624838866,0.18144837302344066
115,0.37626680254660255,0.23927288656284634
116,0.34151856679238535,0.18499689181061071
117,0.4600292586552374,0.2055354971427585
118,0.40283441526816177,0.20319879580243613
119,0.46788232922310385,0.21126085037302433
120,0.40765677388334626,0.21602406850891157
121,0.3893630128507649,0.19592631184026071
122,0.4228533575862961,0.26453584909019795
123,0.5005450262291014,0.2486465651929844
124,0.5124898016966088,0.27229043289800425
125,0.4908695834401638,0.2780309308899041
126,0.6664980093962072,0.3078254814131153
127,0.5991493865207497,0.2342575076901376
128,0.5617976292290109,0.28418019499042335
129,0.3673444816955173,0.21388635746253817
130,0.4644813910320005,0.2199541692422343
131,0.5250183761589161,0.27803434576462416
132,0.48080726203173246,0.2201183300996265
133,0.52499020056346,0.2839540960855314
134,0.4056114609507166,0.20285452973069096
135,0.4512662201460342,0.2370478710702037
136,0.5597969172917472,0.2660103621150811
137,0.5175155834603147,0.2382220680840114
138,0.43330292183007046,0.28060934535142107
139,0.419386648380031,0.19017597014498908
140,0.48802168731041085,0.23236208370872827
141,0.6873306892651623,0.32866000852068233
142,0.5395524876884542,0.24911282931328824
143,0.5268568458309546,0.2626101018100868
144,0.37785190957966447,0.16444052343375068
145,0.4866465642345533,0.20507013570654464
146,0.564113535026417,0.26376678133891274
147,0.391394913884325,0.23858793022838926
148,0.3968184016993467,0.17781223573941532
149,0.5231400644341055,0.23286123723763302
150,0.5773780362461585,0.2810191609188375
151,0.4942190450110517,0.2609804561961362
152,0.42816753188645906,0.21560934938549706
153,0.39463751721579005,0.211022650088527
154,0.4767760204731264,0.2291745833939428
155,0.49015202739863034,0.2164169740982002
156,0.571036515914094,0.22105780346978565
157,0.57905836951825,0.26640234775972527
158,0.40109142336383974,0.17659762067401868
159,0.5075184630032281,0.2580385947880972
160,0.5765931805308924,0.20567196946753258
161,0.5105485998300313,0.2596811865276301
162,0.3430120814845856,0.20808648822889425
163,0.4432438609197435,0.20628971650999461
164,0.49751196910150225,0.2546208233021769
165,0.42841792030699044,0.2168813271912535
166,0.38805273862733614,0.18626565460201994
167,0.5058162862482707,0.2215948915860891
168,0.40685316268769206,0.20960216877501767
169,0.34226793477401735,0.18830428069722627
170,0.47016137607906705,0.2699850963791817
171,0.4560376968900225,0.1904631344137753
172,0.5972065522150575,0.22451203093161556
173,0.5377848374432825,0.2821172934819538
174,0.5709175874306259,0.25386061719148245
175,0.5347099921224383,0.2881200717295736
176,0.417928170996526,0.20525357900073773
177,0.5178564011800774,0.24560568702455618
178,0.532562288528078,0.27907276604668024
179,0.5802096782575104,0.262540475142316
180,0.4342616992122972,0.24349550074683737
181,0.3977734243949952,0.18909299098795138
182,0.5602278653369905,0.2473052185967037
183,0.34354208043102,0.2849260422595117
184,0.4110038248584332,0.18598573364300425
185,0.4410111029703268,0.22047363799657196
186,0.5013872070514213,0.27981991452079735
187,0.5192661921987128,0.2669079705326424
188,0.4507620809414013,0.19243286292207745
189,0.5065414258514721,0.23624527238968396
190,0.4802460172031477,0.20772704275738466
191,0.52907247324976,0.2614189086798286
192,0.37329932890461254,0.20536777928940236
193,0.40035652707779307,0.20414546754157673
194,0.4251244543592011,0.19295051115345238
195,0.38362154136516985,0.24391500701179053
196,0.5879349023670274,0.24231434357365614
197,0.34195735792503995,0.2275849166792285
198,0.3394183535500851,0.17892551546696114
199,0.46035521936783586,0.23627997270881104
200,0.5018741008856479,0.24783042761165802
201,0.4006896939681961,0.18769461742125287
202,0.47036492013981246,0.1991330881421852
203,0.5538849296501771,0.2688136100152452
204,0.411911057813353,0.25225669373994153
205,0.5051397937718538,0.24826409766397187
206,0.5430417411256843,0.256101973189058
207,0.517298601111617,0.2301702717867415
208,0.4223454934935188,0.2372383959341716
209,0.5172008944411554,0.21800955605712743
210,0.48062598839767384,0.23643259329914848
211,0.4049018443474054,0.18868757673398784
212,0.39888799634223276,0.21986726630753564
213,0.5791619313321589,0.320244997879287
214,0.4803762722048167,0.27554201873672596
215,0.5165293369466661,0.20697602391374106
216,0.5521915961573902,0.2722322162035022
217,0.5160400557163725,0.30495705813114576
218,0.42964092738653764,0.23347257203798014
219,0.4569233027865681,0.2000261863242033
220,0.5500377111386107,0.26664037807827723
221,0.3381468943953164,0.18992172959160947
222,0.5368874913443614,0.25916262006890767
223,0.39758833682673467,0.20208475449094937
224,0.5265405208567324,0.2635086369440202
225,0.45791355356799524,0.1919047382143329
226,0.4600838731449538,0.2157272917944787
227,0.37043966664838884,0.17123456117895564
228,0.4247833936497174,0.2132692769265407
229,0.3568464138557134,0.2308068182858686
230,0.4355697948228373,0.2176885673832194
231,0.40382810343789577,0.19413268179226453
232,0.46380623027383605,0.20778443210206005
233,0.5837036098040498,0.3237048958731418
234,0.5060644301706881,0.2523725833001163
235,0.4372024995244221,0.21842674635615322
236,0.4890589371333967,0.21080691767392218
237,0.3894912557879623,0.24390014350097997
238,0.3798492979120359,0.1899780926337095
239,0.49616655046923935,0.3008260786620728
240,0.6184991174479171,0.3851246323006326
241,0.4328507557447432,0.2593599568921931
242,0.43734573006594085,0.22550383220714143
243,0.36813504291688204,0.2158633628986395
244,0.5184390786644678,0.2229055090623087
245,0.6614755649161319,0.3058778719208165
246,0.3330309244876702,0.2655670525226685
247,0.43982056986068835,0.2505328899292339
248,0.44518755141817673,0.23302549492986924
249,0.544928956821227,0.301625200180326
250,0.41285048683690884,0.21435130665697666
251,0.5919435069531982,0.21710449770924833
252,0.4869443555211722,0.24239992110855077
253,0.41212357908324115,0.22893971106055952
254,0.5587225657246522,0.2452545395261248
255,0.3382939672791769,0.2291268245544043
256,0.38960444561709423,0.2502464025570085
257,0.5070438567948174,0.31048596413497387
258,0.4996266642053646,0.1847001751822709
259,0.4813836605518516,0.22527335104006638
260,0.5297349450647001,0.2512116850988396
261,0.5801836496264579,0.27456866098942456
262,0.6961511172778394,0.2918991500513381
263,0.3928488460770551,0.1950291477994325
264,0.46831312299725875,0.18399290751138686
265,0.47337420380304307,0.27270646269331267
266,0.3917351019944653,0.19054555901817904
267,0.3422382830232767,0.16094287272071686
268,0.5363253538269005,0.2740206523159736
269,0.5161049924468365,0.29471385543974515
270,0.4604944192931336,0.26673708994445483
271,0.5788076303897406,0.26365809182793526
272,0.4729832555491864,0.2780494240672839
273,0.39204908846495246,0.18687887614570256
274,0.5158556267804854,0.2581613751464974
275,0.5311997474186716,0.24954655294332118
276,0.5872443273257212,0.28623492426542313
277,0.5241998809478233,0.2689434497656244
278,0.4526537426848854,0.19557848131073322
279,0.3677099607014739,0.2026567108465633
280,0.543629489878155,0.25011564725476526
281,0.46584069732927297,0.26814579221978047
282,0.5415472950382079,0.2944489260923937
283,0.5540252034445398,0.23312917271716413
284,0.3650853096212366,0.1753005787479438
285,0.41142213068970984,0.24316157351653775
286,0.5396400356773409,0.220776909748516
287,0.5246443347950154,0.2280600744651719
288,0.33925966874270114,0.18183727369383088
289,0.4384862410657421,0.2367703697272894
290,0.4484048014119122,0.27012034031687326
291,0.35613514649200123,0.16933603329349284
292,0.5232674436006114,0.23431811201577932
293,0.43802461313517094,0.29784319189495745
294,0.4489175194612518,0.19387493613202983
295,0.4258802369982537,0.19591375166832573
296,0.5445844046195254,0.27594237246144787
297,0.3901887437776306,0.1848509250089636
298,0.5157596311141722,0.23198741291179498
299,0.390699758425397,0.2228692095587624
300,0.4578914746023063,0.24389896870428854
301,0.4903971738322231,0.2240840790221186
302,0.4699273133054904,0.24938919435900744
303,0.5737384372127489,0.2737433127563737
304,0.5929067642727655,0.29428489780357964
305,0.570691632870377,0.2797827712060325
306,0.5190005812929703,0.3174620558926192
307,0.5163176078132984,0.2594879018226374
308,0.651956713187816,0.26747059712816473
309,0.43860847470515946,0.23868987229707542
310,0.4289460564791043,0.23101437204230513
311,0.5286067309018905,0.23898335615606534
312,0.41913022457220495,0.21155478946026396
313,0.4175214689109238,0.20727389206007032
314,0.42103813042610183,0.24009889168731927
315,0.5111323505709789,0.3104178588891636
316,0.5674390586278887,0.35736649309492263
317,0.39378691478591304,0.19202638202202282
318,0.44391983163662985,0.24233345990455193
319,0.48821839908528253,0.25952243095830985
320,0.5337644819488322,0.25062168901904197
321,0.4716382853976077,0.2848192284531432
322,0.5113415329183604,0.22863626929582057
323,0.5403688175985947,0.22512858223297477
324,0.5158255880746399,0.29722376734968864
325,0.3691013010059269,0.18019291073928576
326,0.3653055748539479,0.18909817568871168
327,0.42917596465305646,0.2281429844027463
328,0.5131679179943005,0.24598070682504947
329,0.3961161983382008,0.2175290175100763
330,0.4494958855011247,0.24335133232464215
331,0.4769321836743172,0.2855425823703357
332,0.4936058627240007,0.25935438450236775
333,0.35922424580201445,0.17592128943403434
334,0.46818049945853296,0.27826362375983343
335,0.5184920054578964,0.24151438437292702
336,0.44637315243871156,0.23393524438133412
337,0.42367761246467645,0.23715366193735474
338,0.5040629297618999,0.2863437663683018
339,0.3498463072027369,0.20875985644080172
340,0.538247643415236,0.2593841862565472
341,0.5238576849058588,0.27114658427153776
342,0.5044602707190249,0.21056534842928173
343,0.4727316550217147,0.2474188041760654
344,0.4750811168914265,0.2461589712299168
345,0.5384402028973589,0.2953094221718198
346,0.40384698326813645,0.2132636712289534
347,0.47176368867178303,0.23283509817204198
348,0.5057327105793313,0.25537028260945505
349,0.4607962651541778,0.2144829073781501
350,0.3829107839144441,0.22063451378590815
351,0.4673007642076109,0.20930821812967731
352,0.48353154891030814,0.27353336656505567
353,0.5480931243266012,0.21577635241028417
354,0.5709027755043838,0.2640274871271854
355,0.3727739242855821,0.19875559231684628
356,0.6380397194497004,0.2686023089313395
357,0.5044811392041592,0.20635303099743735
358,0.6546521968663748,0.25977399649246463
359,0.4371944287828161,0.22274185544500966
360,0.5452729139646775,0.2843057421611156
361,0.43848230272065225,0.30867017674815467
362,0.4853966307320766,0.2042168388035413
363,0.4582990837970906,0.27090029798220033
364,0.44668914471191745,0.21378516647273615
365,0.38418684826125155,0.17303543540319283
366,0.39028054172274845,0.22944764184780544
367,0.5216702418119311,0.25049911353213083
368,0.46075677641823704,0.19269919285082318
369,0.5783351102743151,0.22289455513021228
370,0.4919311865730782,0.20498155913021257
371,0.5169941019220986,0.24565365188685628
372,0.46417684670733933,0.22475058226987993
373,0.4404332943958301,0.2224904928107832
374,0.5499839698523391,0.27952850665217854
375,0.4299737289252779,0.24775724549053244
376,0.5336553824742618,0.2570700110488753
377,0.5449470058431938,0.2457209014225327
378,0.5884403730319926,0.28608434122740234
379,0.4880557443592257,0.2183213304691365
380,0.5070858583241244,0.21512033715668835
381,0.45577171859013066,0.2434120885270016
382,0.5280296081411509,0.26411463065715035
383,0.4676955320715955,0.24617648290669353
384,0.5077029925661624,0.2814540909194203
385,0.5266941322362999,0.23662748639990488
386,0.3952705070673308,0.20059819013925445
387,0.34956734484572444,0.1950245725621338
388,0.5864968202328481,0.3419055100005281
389,0.4285938280382839,0.19307522211505945
390,0.46373578554495215,0.21870533344916726
391,0.559326549555734,0.23878197272042462
392,0.5158698532845721,0.21171384253790207
393,0.35232010506674605,0.20052025633896378
394,0.5251879926618107,0.2705072781105783
395,0.528905694479727,0.3363590860160581
396,0.4350139792238781,0.24675069817161785
397,0.517016451987818,0.2943192667477862
398,0.5502916675852056,0.2937451678463172
399,0.447225827646419,0.20631390289297816
400,0.43094686491603756,0.24376545017429518
401,0.5250114014725865,0.3299070498130141
402,0.4085384013589052,0.19821922150558016
403,0.473428634045317,0.2493798344489425
404,0.46850491255313653,0.2449694174514366
405,0.5188564937816502,0.22747074853073965
406,0.5252857484521557,0.2179676590243187
407,0.5551824527020907,0.2653907196656994
408,0.5951002197342635,0.254503111781982
409,0.2731020362486653,0.16922704020311286
410,0.5470215250089165,0.2640399958373771
411,0.5635370832693687,0.27897392183082825
412,0.5976256538287399,0.2989722670239099
413,0.5330675697810511,0.2597049347949079
414,0.5107120264684051,0.23044746517709164
415,0.48547406085227696,0.2812298390949158
416,0.5167914543470479,0.2322546306155222
417,0.4231403884848991,0.19845545457730634
418,0.37885291625497874,0.2387125221438078
419,0.37843197399059114,0.1656306342647321
420,0.487195954024544,0.21294318900075349
421,0.44125645576659855,0.2203594201029802
422,0.500259095509577,0.201951464900475
423,0.4581770669532521,0.26426246544845206
424,0.3505120863335502,0.16711963241018846
425,0.4241887479734817,0.19592316388220826
426,0.5436266400961718,0.25135329490085445
427,0.5446101679116618,0.27864326878931306
428,0.4626060662243547,0.2561909955917736
429,0.38417307008911206,0.18420389252638275
430,0.3423299726916727,0.1679723154146459
431,0.4272878127392557,0.21895847496966742
432,0.457861325017798,0.20798985791103244
433,0.47856197496834335,0.20583215605510724
434,0.49632596898791587,0.2169970427258525
435,0.4528791805081675,0.2654539842887932
436,0.34555535347106087,0.21058795528339366
437,0.4912136232328472,0.2192156629180047
438,0.4129575520166371,0.24945471796502297
439,0.5735176485906763,0.302935792355753
440,0.5285511839948621,0.25205115054110805
441,0.4543121791026895,0.20294450226779273
442,0.5443558533994615,0.23982699269383312
443,0.5507066307810051,0.2935782117030381
444,0.502405357114125,0.21985785504238672
445,0.6216971401843278,0.32411421731495355
446,0.5398268691521778,0.25687197359252323
447,0.3785816964453222,0.24413657842777062
448,0.5730534948789833,0.2637768573211271
449,0.4518731064687007,0.21203063910219794
450,0.5044630352014611,0.24514212385695544
451,0.5131746017632602,0.23261921061665436
452,0.45037827265688607,0.21219237337374475
453,0.5405724879197142,0.23203231484760264
454,0.4547567379237871,0.1914476451101282
455,0.375643701499714,0.16195433118655947
456,0.48306062863432603,0.23596459645515014
457,0.48189621828451734,0.2678700410296051
458,0.4138556102883116,0.1838595825928951
459,0.34892420713678474,0.2570144668706368
460,0.40195458340385465,0.21015874335430887
461,0.48202882181852486,0.25368589689462934
462,0.4844588231139273,0.2519717481979917
463,0.43695736745030417,0.22348817079437805
464,0.5927638303587514,0.2566623754432336
465,0.46196937404825533,0.24810200104253854
466,0.3601535701573056,0.22383116413039347
467,0.46832753132069915,0.2439385599948506
468,0.45940093000688,0.22844169580204524
469,0.38010083091442187,0.2096691135104009
470,0.5757092910430988,0.29154114448432666
471,0.5025033308703463,0.3438164699962977
472,0.5360768809200718,0.2963529220740076
473,0.4950109299438894,0.2674766168846613
474,0.49213250229316546,0.2800486651987352
475,0.44246471256916914,0.21360527190881348
476,0.28597356788620787,0.20760324243152145
477,0.48376977640743873,0.23387382429545386
478,0.3937576181620536,0.1695848415655203
479,0.4211512716222302,0.2955183872501841
480,0.5280601228213649,0.21316714250349683
481,0.4538491566388078,0.27284189110128537
482,0.47748590594720114,0.23726732392978162
483,0.5860319263314816,0.2909905289297055
484,0.3791161127184912,0.25348206710677934
485,0.6211227099230853,0.30383050204366585
486,0.458146363175573,0.19759691570758992
487,0.38879829583399117,0.18481073796467504
488,0.6395536267730396,0.3050123397986046
489,0.4963780636762625,0.2358536246393609
490,0.5144837786191035,0.273049216219309
491,0.507072649542217,0.24614604891445044
492,0.38353350096423633,0.2726452781871645
493,0.5185008022330901,0.23979854972081752
494,0.5630633426489997,0.2376698666398416
495,0.3742860964537504,0.18359532653402105
496,0.4541139849497533,0.21139502759132228
497,0.6020282330718187,0.2924358459956007
498,0.5081253526720256,0.21887597442073192
499,0.4718023789538798,0.23380181294972657
500,0.4977640861234271,0.25096936626114014
501,0.38801772862711853,0.18262992764211752
502,0.473491513250603,0.2866969661943334
503,0.42216796472279405,0.2105097392999624
504,0.5377217976021598,0.2135922239924019
505,0.4335761669541474,0.21203339337851518
506,0.3633363087037527,0.1884712287368858
507,0.5641249486674241,0.2995428326626891
508,0.42397413666180633,0.22070546198689758
509,0.443527795543966,0.25762539331244044
510,0.5640486294592147,0.2932436199422867
511,0.387282224033756,0.27295917008154164
512,0.46497445629163525,0.3366863689698278
513,0.5635474324745967,0.2611505360725816
514,0.3727651012565893,0.2207701275465028
515,0.5260469840323714,0.23233519792969198
516,0.46636702616388565,0.21943857466965988
517,0.40104922683700617,0.1833465340830646
518,0.543302027940817,0.26121541782398583
519,0.531062529973082,0.32635402330044266
520,0.5697262536280894,0.23173502315428057
521,0.34867001199043773,0.1884955370210477
522,0.44801601807871694,0.23098233127703607
523,0.40698732003883203,0.267041052916524
524,0.507984775398843,0.26205927210167934
525,0.55233152476233,0.25951793641882626
526,0.31291127052635154,0.1664197318171152
527,0.429593688540787,0.4091658444195132
528,0.6198203377496703,0.30542168827185373
529,0.5210433420527995,0.23636217546988067
530,0.5193118021195915,0.2245378809079249
531,0.4578969573060549,0.2561544221781948
532,0.3979378110774138,0.18635372600570183
533,0.3669840957747836,0.19192174333599468
534,0.3365030263887345,0.1824217444608775
535,0.4172981603625748,0.27635049347943125
536,0.4388082990455293,0.24701067475375427
537,0.4901547132876454,0.21513880038593353
538,0.4890926462034327,0.23914742602008532
539,0.545067998468708,0.24420448840565545
540,0.5089978226555643,0.2732111084510108
541,0.36163585798953424,0.20227214478171818
542,0.48117296362375284,0.24044233127347747
543,0.46127453034734917,0.19276026927813866
544,0.47195493786853243,0.25404956986053306
545,0.39832944137286036,0.2507787520218857
546,0.41840087933998094,0.2004388828578838
547,0.4062927355448552,0.20291177680139716
548,0.4760930814630027,0.20578416256590748
549,0.459331105834792,0.23760955884286322
550,0.5078858633621286,0.24044627728953366
551,0.40960684084532184,0.21602374648636855
552,0.4623145474303919,0.22607538311477995
553,0.5054769820856929,0.27951095615146815
554,0.544056347955609,0.21159846620359543
555,0.4614275081470039,0.28763612216080725
556,0.3898269806292478,0.17291876177266768
557,0.3521096415281217,0.1763758483672458
558,0.4945790473856051,0.23514300605035296
559,0.3507877209452701,0.24223021991580176
560,0.5112054352947624,0.21040519543249955
561,0.4301267038002776,0.21861189568805053
562,0.45284019062378084,0.2208783506104299
563,0.39584127656425555,0.1940831974124097
564,0.5310143511598923,0.24402540705620082
565,0.5150718430281904,0.23758914581035676
566,0.4061723332269118,0.19778591499012257
567,0.43599963291269117,0.22207149677471866
568,0.4832532849579918,0.2491984425965327
569,0.47801855512272173,0.2352579241504029
570,0.49235321849757785,0.2097532516613121
571,0.46393361538528916,0.2659925616379968
572,0.6010600918861216,0.2734794212509969
573,0.5421965046605148,0.2696619918410379
574,0.5708160041801513,0.31506689084637896
575,0.42644910803130437,0.22337041629607038
576,0.5301433598740649,0.22211987477093037
577,0.3750401676051891,0.2325715029886154
578,0.5458247243358356,0.27400955665974186
579,0.4315878873011433,0.2063906647241514
580,0.39601432903249595,0.1854925343053422
581,0.3820978830235246,0.22959191869178586
582,0.37075413421294334,0.19820239825526226
583,0.36488972953271537,0.22092275440663844
584,0.6117209114428743,0.28521888249843536
585,0.49604822602261284,0.2245841170234427
586,0.5453051205812841,0.23918608454740162
587,0.48487380166760696,0.23465981893475052
588,0.5548776286353123,0.24936935110343414
589,0.49630242446965434,0.2531097247602084
590,0.4980092311783344,0.2694655799176658
591,0.45395694174342655,0.2009877393292396
592,0.4915151468857709,0.23896634799746547
593,0.5426791593340806,0.24368821462273946
594,0.38506587091615896,0.20460113744321606
595,0.47107405252767337,0.22250307168587022
596,0.4335319014759498,0.2383918336375838
597,0.5365103296412234,0.295442393633963
598,0.5261742652910665,0.21481492734865545
599,0.32201534707422197,0.19072139263626325
600,0.6676434514631346,0.36040397419073017
601,0.48710836205298996,0.19490854476016733
602,0.5089156970295968,0.2717855017099857
603,0.4972104248225709,0.19535919244757988
604,0.44066860782289724,0.2128143979053366
605,0.4257532882623073,0.20202571896941873
606,0.4761051691433944,0.27516839907989493
607,0.35950290652171674,0.20949211759737554
608,0.5939403481074432,0.24101952343882446
609,0.4654011482989406,0.24901752602416669
610,0.5510728683789899,0.27087107185679205
611,0.6342245710643147,0.2519260691076022
612,0.5669112586690593,0.3053995292704929
613,0.46209601755356133,0.23677907030393874
614,0.42227359985200025,0.304490934325844
615,0.5508220991491933,0.24508262917185564
616,0.4611470896814628,0.20885814024354268
617,0.47923405457341833,0.20995544948189065
618,0.3615588393077997,0.22816734455416962
619,0.4658457477564998,0.2330455197096052
620,0.37269782754457814,0.18427937071377748
621,0.6176484461419965,0.2935443688575082
622,0.5486737494144882,0.250741759598028
623,0.41007363406202935,0.23172359581265106
624,0.6498199916459579,0.3024303277711558
625,0.5120017703226044,0.2154443906241157
626,0.5251568507851172,0.29514861289254446
627,0.49861674971965636,0.25538192320980224
628,0.5343629313745993,0.2404128108415809
629,0.43484762522888826,0.2008113207492625
630,0.5565577103799624,0.23938514944739864
631,0.4576594671672511,0.25151141946673067
632,0.3467090099503541,0.30154960549735976
633,0.5034126676747965,0.25177245878452276
634,0.45033738074119645,0.2269159325481702
635,0.39540681182577614,0.2107684838176753
636,0.4308423360690874,0.24263213869247013
637,0.4283507349336161,0.24271903598035174
638,0.4618859372406468,0.2305596887332167
639,0.43164324588262626,0.2115128948931595
640,0.3764310628130728,0.20693456138179095
641,0.5189781421051275,0.24455122522497116
642,0.5543591278709662,0.3186468015481344
643,0.5078742889399585,0.23068534755769002
644,0.41150007699763524,0.24635362940057232
645,0.42767321952517834,0.2061202746724969
646,0.49830871119538206,0.2621326483183437
647,0.48646700783993047,0.2633994199115839
648,0.535449786090054,0.2605714365697296
649,0.5889381914858902,0.26070810333528527
650,0.4271554267972503,0.28759788473918174
651,0.4790334285438389,0.20961285714309832
652,0.418101881688658,0.23760991841277185
653,0.44366313350778247,0.2453839194890506
654,0.4965740165707458,0.1846547634214938
655,0.39856480758550106,0.23872993288386987
656,0.4850146289412584,0.23828330263130534
657,0.407053658158312,0.24188361257624902
658,0.5408912814141136,0.21435426662092863
659,0.5805143981041594,0.3394654000167534
660,0.6139128055725352,0.22990614989852318
661,0.4312472213840508,0.23205238307286102
662,0.4478523411209489,0.2269195762904863
663,0.4219417934362008,0.2383917110756921
664,0.3868181739128139,0.1724187913735657
665,0.36501096124326904,0.24052693110055767
666,0.332862085924425,0.15570188836422283
667,0.31620556830773655,0.16691442363789022
668,0.40437348941776297,0.2406056307275359
669,0.34160593086332,0.18825722449066715
670,0.3900417674597053,0.158394648323179
671,0.43242375825597607,0.2641369155128244
672,0.43396255557068003,0.23208515990155565
673,0.48883449418781716,0.2692212351298341
674,0.4543001000317858,0.2629062568251101
675,0.4529417205431266,0.20916907355340958
676,0.5993946491483044,0.24759835288461896
677,0.4482371462458989,0.23218661663878157
678,0.3948354097808425,0.21836307019272141
679,0.3846936608449871,0.22914492930900862
680,0.44173683373287503,0.18470364319955418
681,0.5187307619832657,0.21549241668056543
682,0.3215545756687977,0.2209684563981487
683,0.43980430100739437,0.22941961034750888
684,0.6021100554496298,0.2892897970957977
685,0.43846909357518055,0.2638662583453706
686,0.539933379892396,0.23773782452214928
687,0.509150369249194,0.24088679966264978
688,0.49540286540754913,0.21943632481198005
689,0.5277600231384446,0.2161530776662783
690,0.4990270505768584,0.24165574652753546
691,0.4605146564406187,0.2034843128538394
692,0.629850661268214,0.29339880119639783
693,0.6088829754005901,0.2622138843591951
694,0.5530563856082991,0.2616277207502524
695,0.43614906698394007,0.2291029932609774
696,0.4421876651849868,0.2544191643161619
697,0.40798790898659026,0.20220016132195612
698,0.31121100812004643,0.18429294393196893
699,0.5500460612096314,0.23360921893669892
700,0.4897149580003719,0.2321193790828346
701,0.6211523214423096,0.3498839868695604
702,0.5736089011255555,0.27820091802903235
703,0.4993012008213955,0.23373646861102135
704,0.4916025419045099,0.21230921220647195
705,0.455547791255718,0.19613165832241572
706,0.44379462372168466,0.17691476956621582
707,0.4523790689226725,0.28136247620256977
708,0.5052385736339398,0.3031155938738735
709,0.4809965533222086,0.25319887273151787
710,0.5534894070558429,0.28998624149377
711,0.3629527085171931,0.1854312356176242
712,0.5109018397436748,0.25946132502233504
713,0.44650105815043106,0.2001879248627881
714,0.4787799681926071,0.21624988298522707
715,0.5039711076931265,0.22441817636841332
716,0.42435763658365233,0.25107221424863424
717,0.4358979384509176,0.20892180879271077
718,0.3703839077269014,0.1984112698776295
719,0.5532824733043012,0.2603137516795806
720,0.44813537295837824,0.20961729413529334
721,0.5145374807304056,0.2381334844311343
722,0.4070948592108789,0.20948091020092371
723,0.46200615084245156,0.18964539721411794
724,0.502625138126755,0.2686657245855016
725,0.5734853298643092,0.2926955697725572
726,0.35012142488625675,0.19650447647736868
727,0.42055093101515834,0.20195576948048688
728,0.3781644646829587,0.20077985151303143
729,0.3352656149010497,0.24484933985658625
730,0.4529870064991212,0.25554511974988203
731,0.499360505708145,0.2700612405062136
732,0.5173321671394312,0.2223602256800953
733,0.49873117914547177,0.2757704374934776
734,0.502806351274698,0.27533787838098467
735,0.5100795329711695,0.20676315754654834
736,0.4140170767368153,0.1966672342003019
737,0.4962163989415201,0.28655106588754714
738,0.3964454110226528,0.18159700274943397
739,0.37903154402661154,0.1726345383512437
740,0.37795365283022125,0.201398014765732
741,0.38545082281538673,0.2863015632044522
742,0.6006644455710036,0.23506197255060687
743,0.4153622854757253,0.19024828829979787
744,0.4474470911443494,0.2692592248439636
745,0.4997095038816389,0.24447343889629444
746,0.3900357179195018,0.3165865910745706
747,0.5325445012867691,0.24067057442667802
748,0.34446786064419904,0.23833805569785482
749,0.3418031352615567,0.23985903690464727
750,0.41886808879934495,0.19197217189619764
751,0.6321632311785061,0.31517866498370056
752,0.5230353396001051,0.2594262519338738
753,0.41112514458922395,0.23861994582657842
754,0.49548760934100916,0.22261708336957636
755,0.36721833081180416,0.27430241510555403
756,0.4882387791169574,0.24329627605252657
757,0.5180239052407535,0.29380155676971353
758,0.38719618081029455,0.2162755869650417
759,0.492414160194391,0.2744834071915353
760,0.5301851100634352,0.27284254197933533
761,0.3466420349081106,0.16265402653563837
762,0.377830235374413,0.2400279902714466
763,0.3821951668706185,0.2284853591891194
764,0.605958742271735,0.26383014284878614
765,0.48480778504887917,0.24892968935870852
766,0.5456576489301507,0.24458486513186728
767,0.5162063355661555,0.23349035536631235
768,0.3438615102266576,0.2648410341187439
769,0.45135674091042016,0.19600052001347992
770,0.3562304843593079,0.1851151637549707
771,0.5428778646367517,0.23527108501149738
772,0.38964004201196123,0.18488186644578888
773,0.31649512609187075,0.22547028356521737
774,0.5054143771638067,0.22917074789571212
775,0.4866294615396872,0.26048419874504586
776,0.37239037189500207,0.23664129739658607
777,0.48175769415760816,0.20746727119829125
778,0.5768422997938693,0.2788588254659312
779,0.5245259648064823,0.2523486855037223
780,0.5401410339604263,0.2729002430592209
781,0.47561784563193243,0.23135684796790437
782,0.549882357105784,0.28742510604555865
783,0.5973628968207131,0.29309504371686124
784,0.5984522571715759,0.3027397368707122
785,0.4294122466636558,0.2480133673673394
786,0.4647878622824771,0.1998702337864315
787,0.42388339773110184,0.17583291697264625
788,0.5480164948164061,0.26310836236874446
789,0.41446757614316926,0.2358516812290223
790,0.487554394947933,0.21982355359821298
791,0.34050385883544715,0.17091716139295585
792,0.5386029835447368,0.24515010478166374
793,0.7244377558709841,0.2803772280349664
794,0.3790480831694898,0.18039001131840382
795,0.5017255408148463,0.23365629631621182
796,0.41101438472046803,0.2027022708135869
797,0.5609356727153019,0.2836334786881145
798,0.41041253697518065,0.28391140095305034
799,0.38828970442692684,0.2074612806082156
800,0.47383949855474816,0.26033634463745203
801,0.39321090738887,0.19510845204650584
802,0.5512963566992705,0.22678866345477583
803,0.5002677406837713,0.2273145207819786
804,0.5123762552163722,0.20988267685005998
805,0.4455147009202158,0.24095511881328238
806,0.6106674884157105,0.30184469120085106
807,0.501849188662676,0.22043780735698282
808,0.43962579477852765,0.22785653045217127
809,0.45330865610309956,0.19938888592123674
810,0.5691684403568649,0.30631507921130685
811,0.48791600892937365,0.22464626127611612
812,0.44214182396197,0.23595122948008285
813,0.4885174991082744,0.22773304796916916
814,0.5447081441954309,0.3154101825208627
815,0.5174986966179222,0.26920848035775674
816,0.6416893063581013,0.26218269569381114
817,0.5203155301565686,0.21685932508986802
818,0.4924988037503553,0.27719054956122485
819,0.5049866965781254,0.28288515047006074
820,0.41508520392613385,0.20776526919022525
821,0.5309157238569149,0.26944839454461256
822,0.36916181345806864,0.2103872295233736
823,0.48182411902005945,0.22495719210566126
824,0.46916737242937556,0.23006892434737936
825,0.5365817109793368,0.3176798429450257
826,0.5602516862930962,0.2703827634825671
827,0.3043942902416729,0.1730888281266004
828,0.3686588050941355,0.20447766692840072
829,0.5053023833043011,0.22507677746844615
830,0.5911246313438125,0.29495402458862263
831,0.5705198028236479,0.3111098061921141
832,0.6378370199315432,0.26805611924371914
833,0.3626079922295552,0.22819842184822267
834,0.4305465061659375,0.18131387072478197
835,0.5115043620972181,0.200903625180463
836,0.4856630665199623,0.20013464794553357
837,0.6011279202403498,0.3205163673950384
838,0.4800517485909049,0.2441048114489508
839,0.5254954549569014,0.2613360097944574
840,0.4717409142872885,0.23916239617955004
841,0.42164453617473424,0.210511854131929
842,0.2801609157628705,0.20208680116299216
843,0.34236649663741425,0.2129860964999107
844,0.40527151166728254,0.21320632403639195
845,0.5371204565032273,0.22416423969188115
846,0.5736660484436685,0.26721973467190374
847,0.5611641881211762,0.25504867603660064
848,0.5163508799900237,0.2296895789690222
849,0.49388923647045635,0.22274752385901017
850,0.35811274552725314,0.2328296125626023
851,0.5304615563273114,0.28370146178189326
852,0.4369685583051537,0.20083547113741132
853,0.5544903330493145,0.27343304196674045
854,0.37560827988458295,0.26758579948969935
855,0.5144918616650134,0.20321172887452066
856,0.5889466817284105,0.276603304934626
857,0.4387230289713599,0.19457733642414532
858,0.5599237755067844,0.2447322130379163
859,0.49851465342480206,0.21567381507155575
860,0.4874050285149116,0.2233850397521956
861,0.6077157850380205,0.296419444789002
862,0.5489779267454004,0.21019844081666642
863,0.5097754509703013,0.26947431473237
864,0.49687157450113684,0.20834316350509588
865,0.4248935050870283,0.19823457420846566
866,0.6329259877262322,0.3252404099858728
867,0.5123767353911189,0.28144400175962125
868,0.38992879590444407,0.2456112771948528
869,0.5513800715083439,0.2788125043971407
870,0.45328037134460897,0.19360191124808698
871,0.489775035632259,0.2289191155363872
872,0.36562143332975505,0.21958745521716447
873,0.4637423265685798,0.2306097317185852
874,0.640804513097334,0.2738433103061898
875,0.5309623313515824,0.23344807251382954
876,0.3556755665551476,0.18938787864945056
877,0.5165985099733956,0.22531364206359225
878,0.41031660871219383,0.2649081095798063
879,0.4765397657153298,0.2224659330009984
880,0.3958322691577785,0.18910473202306216
881,0.5276929569065176,0.23579327172835274
882,0.37788886049326725,0.205351892994154
883,0.4293200118425706,0.20653463056021668
884,0.4142897939030136,0.24908933733423194
885,0.5038175599008397,0.25203254676716
886,0.4215167844706589,0.23582521752088356
887,0.49527110237085653,0.24984500693890516
888,0.509075290100567,0.34209939852855153
889,0.37308985878225487,0.19544660832716113
890,0.5193145678588922,0.29964626981592746
891,0.3588548105509452,0.2225475838053512
892,0.40959105540259955,0.19046724983928975
893,0.5149318106388476,0.24193513671897937
894,0.4167495263757262,0.266594909605391
895,0.33534166557462464,0.18237957133163574
896,0.49043436464449297,0.26855489596889154
897,0.35496106552192597,0.19570556705610365
898,0.5361075062978022,0.25318535626561345
899,0.49536527480628806,0.1972052700265876
900,0.49527353521639983,0.26733531216819884
901,0.3953860490975397,0.30116263153659784
902,0.4462305521346035,0.2692442328359912
903,0.4469736856541739,0.22852520942061402
904,0.5769450527060194,0.2238610797372461
905,0.39813060315705256,0.20052346111300648
906,0.38202085219090137,0.21865989861193624
907,0.4402056593687131,0.18787940656993282
908,0.5033364977397226,0.2721405485129208
909,0.4142199569886875,0.19659564259289078
910,0.5560064941278083,0.26371472306388855
911,0.4525584912848012,0.20752112524064323
912,0.4670569175411123,0.23620225147544588
913,0.4251374281473009,0.2619476571404574
914,0.4094507567102194,0.24422748172336115
915,0.5177879351345775,0.2340085309822913
916,0.48615373047319743,0.20034591090602957
917,0.30554400733294756,0.15405880073108985
918,0.4311929032827382,0.1964288719727436
919,0.5409831203378584,0.2936287601402388
920,0.46012893327513804,0.2684190923725693
921,0.4745502006087202,0.23028768827336338
922,0.3653087721048651,0.22468953553454474
923,0.38989467230653063,0.22286950490716106
924,0.5264117877532881,0.26818807461339456
925,0.3981718337795425,0.18908479747674795
926,0.37969554810493444,0.2364038428141514
927,0.4337457472998819,0.19739650928313648
928,0.4443086854285445,0.21124094469399674
929,0.5191677974238175,0.25354614149670157
930,0.4061993649222077,0.22101684716848424
931,0.4351545516632317,0.23423463127320368
932,0.5034262215684946,0.21154589354972017
933,0.5161384158316407,0.3098856466618438
934,0.6042996048512286,0.2283370612603182
935,0.5747115817577345,0.2599597317947213
936,0.4958665336554386,0.2681367469106552
937,0.46858738026623153,0.2069777008854907
938,0.3638557116352271,0.2072984977322365
939,0.35008413671316785,0.2246198306688564
940,0.5698613641575809,0.23110751970152546
941,0.6418235478095696,0.2835823115321558
942,0.3179657374102151,0.17833445916812618
943,0.48843695523626407,0.2892448890809864
944,0.5175332396144635,0.23883896275462674
945,0.3668442729818887,0.3022239789651459
946,0.4399023345347632,0.2065188090970592
947,0.48390910217324196,0.2465890365788474
948,0.44068584238826225,0.20766426042914368
949,0.3869418813674281,0.22229446365270053
950,0.4721016236849814,0.2576107194792986
951,0.3849435348102409,0.21856071652329645
952,0.41180177200899026,0.2687680504239666
953,0.45228945728463965,0.2166836575930709
954,0.5274154729282955,0.2516036078299403
955,0.5941361889660033,0.24237425877689472
956,0.4462515739113115,0.2078977820003435
957,0.40615348654346256,0.20489120896326782
958,0.34771907475173125,0.1774337241886579
959,0.3541327337268198,0.22914191109204834
960,0.5340621183765666,0.2816364557298928
961,0.33153183725313506,0.15886788852693015
962,0.6118952307891529,0.28895439516479227
963,0.3743870160787723,0.18739513833271382
964,0.5915041713060956,0.271491215478489
965,0.7717571783603883,0.3165906821611566
966,0.49802247719774106,0.26824502652735127
967,0.41526308850585103,0.23457747145222943
968,0.4347354190521676,0.22169802029860808
969,0.5210016239704178,0.22431444591438926
970,0.512307169428651,0.2395944045186678
971,0.6034656167980172,0.28441045919169844
972,0.5271300494413801,0.23297478885535786
973,0.5173316190493098,0.2588421467123299
974,0.5252277842732005,0.26149128684575185
975,0.5006264931665657,0.2467893529263565
976,0.39062073320035984,0.19030902986016135
977,0.43775448302766884,0.2439906327504556
978,0.4228498421711539,0.1994293919263897
979,0.5076744926957517,0.253836530355225
980,0.5203007395183692,0.22410990265899133
981,0.39526422059784966,0.20348724787885283
982,0.41294464980762563,0.23899364659263608
983,0.579095242627711,0.33700536155831573
984,0.49000065933533804,0.2671367860474517
985,0.3865672475196301,0.16263353123157423
986,0.40659084549293556,0.1650027546766438
987,0.5589982319310983,0.2657251715595759
988,0.618435455507098,0.3451061612702986
989,0.5299157159179052,0.23335858293692902
990,0.6026685593481822,0.2506315712161842
991,0.4775262197951129,0.2521640778928582
992,0.5531562822771032,0.2817012779496908
993,0.5356365825701078,0.21468323294307154
994,0.4440737570022879,0.29875500289860346
995,0.3461152519400908,0.1840892805031895
996,0.43630771800158236,0.23516719988110368
997,0.5109084252552133,0.21676604741973055
998,0.4784657850217273,0.28733551044267863
999,0.4187117810578174,0.24993963428387775
